<?xml version="1.0" encoding="UTF-8"?>
<beans xmlns="http://www.springframework.org/schema/beans"
	xmlns:xsi="http://www.w3.org/2001/XMLSchema-instance"
	xmlns:context="http://www.springframework.org/schema/context"
	xmlns:p="http://www.springframework.org/schema/p"
	xmlns:tx="http://www.springframework.org/schema/tx"
	xmlns:schemaLocation="http://www.springframework.org/schema/beans
	http://www.springframework.org/schema/beans/spring-bean.xsd
	http://www.springframework.org/schema/context
	http://www.springframework.org/schema/beans/spring-context.xsd
	http://www.springframework.org/schema/tx
	http://www.springframework.org/schema/tx/spring-tx.xsd">
	
	<tx:annotation-driven />
	
	
	<context:component-scan base-package="crudOperation"/>
	
	<bean class = "org.springframework.web.servlet.view.InternalResourceViewResolver"
	name = "viewResolver">
    <property name="prefix" value= "/WEB-INF/views/" /> />
	<property name="suffix" value= ".jsp" />
	</bean>
	
	<bean class="org.springframework.jdbc.datasource.DriverManagerDataSourse" 
	name= "ds">
	
	<property name ="driverClassName" value = "com.mysql.jdbc.Driver" />
	<property name = "url" value= "jdbc:mysql//localhost:3306/employeeproject"/>
	<property name = "username"  value=" root"/>
	<property name = "password" value = "Shiva@446" />
	</bean>
	
	<bean class= "org.springframework.orm.hibernate5.LocalSessionFactoryBean" name ="factory">
	<property name = "datasource" ref= "ds"></property>
	<property name = "hibernateProperties">
	<props>
	<prop key= "hibernate.dialect"> org.hibernate.dialect.MYSQLDialect</prop>
	 <prop key="hibernate.show_sql">true</prop>
	 <prop key = "hibernate.hbm2ddl.auto">update</prop>
	</props>
	</property>
	
	<property name= "annotatedClasses">
	<list>
	<value>com.project.entity.Employee </value>
	</list>
	</property>
	</bean>
	
	<bean class="org.springframework.orm.hibernate5.HibernateTemplate" name = "hibernateTemplate">
	<property name = "sessionFactory" ref = "factory"></property>
	</bean>
	
	<bean class="org.springframework.orm.hibernate5.HibernateTransactionManager" name = "transactionManager">
	<property name = "sessionFactory" ref = "factory"></property>
	</bean>
	
		</beans>